Locality,District,SEO Title,Meta Description
Kolkata,Kolkata,"Fitexo Gym Management Software in Kolkata, West Bengal | Cloud Automated Gym Software","Fitexo gym management software with cloud automation in Kolkata, West Bengal — automate member management, billing, attendance, trainer scheduling & reporting with ease."
Howrah,Howrah,"Fitexo Gym Management Software in Howrah, West Bengal | Cloud Automated Gym Software","Fitexo cloud-based gym management software in Howrah, West Bengal — boost billing, membership, attendance tracking & fitness management efficiency."
Asansol,Paschim Bardhaman,"Fitexo Gym Management Software in Asansol, West Bengal | Cloud Automated Gym Software","Fitexo gym management software with cloud automation in Asansol, West Bengal — streamline membership, billing, attendance, scheduling & trainer tools."
Siliguri,Darjeeling/Jalpaiguri,"Fitexo Gym Management Software in Siliguri, West Bengal | Cloud Automated Gym Software","Gym management made easy with Fitexo in Siliguri, West Bengal — cloud automation, member billing, attendance & trainer scheduling features."
Durgapur,Paschim Bardhaman,"Fitexo Gym Management Software in Durgapur, West Bengal | Cloud Automated Gym Software","Fitexo cloud-automated gym management in Durgapur, West Bengal — efficient member, billing & class management for fitness centers."
Bardhaman,Barddhaman,"Fitexo Gym Management Software in Bardhaman, West Bengal | Cloud Automated Gym Software","Fitexo gym software with cloud automation in Bardhaman, West Bengal — manage gym operations, billing, attendance & trainer schedules."
Malda,Malda,"Fitexo Gym Management Software in Malda, West Bengal | Cloud Automated Gym Software","Fitexo cloud gym management software in Malda, West Bengal — automate membership, billing, attendance & reporting workflows."
Berhampore,Murshidabad,"Fitexo Gym Management Software in Berhampore, West Bengal | Cloud Automated Gym Software","Fitexo gym management software with cloud automation in Berhampore, West Bengal — simplify member billing, attendance & scheduling."
Raiganj,Uttar Dinajpur,"Fitexo Gym Management Software in Raiganj, West Bengal | Cloud Automated Gym Software","Fitexo cloud gym software in Raiganj, West Bengal — streamline gym operations with automated billing, attendance & scheduling."
Krishnanagar,Nadia,"Fitexo Gym Management Software in Krishnanagar, West Bengal | Cloud Automated Gym Software","Choose Fitexo for gym management in Krishnanagar, West Bengal — cloud automation for billing, attendance tracking & member management."
Medinipur,Paschim Medinipur,"Fitexo Gym Management Software in Medinipur, West Bengal | Cloud Automated Gym Software","Fitexo cloud gym management software in Medinipur, West Bengal — automate memberships, billing, trainer scheduling & reporting."
Haldia,East Medinipur,"Fitexo Gym Management Software in Haldia, West Bengal | Cloud Automated Gym Software","Fitexo gym software in Haldia, West Bengal — cloud automation for member management, billing & attendance optimization."
Kalyani,Nadia,"Fitexo Gym Management Software in Kalyani, West Bengal | Cloud Automated Gym Software","Fitexo cloud-based gym management in Kalyani, West Bengal — manage billing, memberships & classes with AI-ready automation."
Basirhat,North 24 Parganas,"Fitexo Gym Management Software in Basirhat, West Bengal | Cloud Automated Gym Software","Fitexo gym management software in Basirhat, West Bengal — automate member billing, attendance tracking, scheduling & reporting."
Barasat,North 24 Parganas,"Fitexo Gym Management Software in Barasat, West Bengal | Cloud Automated Gym Software","Fitexo cloud gym software in Barasat, West Bengal — all-in-one solution for member management, attendance & billing."
Barrackpore,North 24 Parganas,"Fitexo Gym Management Software in Barrackpore, West Bengal | Cloud Automated Gym Software","Fitexo cloud gym software in Barrackpore, West Bengal — streamline membership, billing & attendance with automated workflow."
Bally,Howrah,"Fitexo Gym Management Software in Bally, West Bengal | Cloud Automated Gym Software","Fitexo gym software in Bally, West Bengal — cloud automation for attendance, billing & member management tailored for fitness centers."
Uluberia,Howrah,"Fitexo Gym Management Software in Uluberia, West Bengal | Cloud Automated Gym Software","Fitexo cloud gym management software in Uluberia, West Bengal — automate billing, attendance & scheduling for optimal performance."
Maheshtala,South 24 Parganas,"Fitexo Gym Management Software in Maheshtala, West Bengal | Cloud Automated Gym Software","Fitexo gym software with cloud automation in Maheshtala, West Bengal — manage members, billing & attendance efficiently."
North Dumdum,North 24 Parganas,"Fitexo Gym Management Software in North Dumdum, West Bengal | Cloud Automated Gym Software","Fitexo cloud gym management in North Dumdum, West Bengal — powerful member, billing & attendance tools for fitness businesses."
South Dumdum,North 24 Parganas,"Fitexo Gym Management Software in South Dumdum, West Bengal | Cloud Automated Gym Software","Fitexo gym software in South Dumdum, West Bengal — cloud automation for member billing, scheduling & attendance."
Panihati,North 24 Parganas,"Fitexo Gym Management Software in Panihati, West Bengal | Cloud Automated Gym Software","Fitexo cloud gym management software in Panihati, West Bengal — automate membership, billing & reporting workflows."
Chandannagar,Hooghly,"Fitexo Gym Management Software in Chandannagar, West Bengal | Cloud Automated Gym Software","Cloud-automated Fitexo gym management in Chandannagar, West Bengal — manage classes, billing & attendance with ease."
Locality,District,SEO Title,Meta Description
Kharagpur Municipality,Paschim Medinipur,"Fitexo Gym Management Software in Kharagpur, Paschim Medinipur | Cloud Automated Gym Software","Fitexo gym management software with cloud automation in Kharagpur, Paschim Medinipur — streamline memberships, billing, attendance, scheduling & trainer workflows."
Kalaikunda,Paschim Medinipur,"Fitexo Gym Management Software in Kalaikunda, Paschim Medinipur | Cloud Gym Software","Fitexo cloud-automated gym management in Kalaikunda, Paschim Medinipur — automate member management, billing, attendance & reporting."
Kharagpur Railway Settlement,Paschim Medinipur,"Fitexo Gym Management Solution in Kharagpur Railway Settlement, Paschim Medinipur","Fitexo cloud gym management software in Kharagpur Railway Settlement — manage members, billing, attendance & trainer schedules effortlessly."
Keshiary,Paschim Medinipur,"Fitexo Gym Management Software in Keshiary, Paschim Medinipur | Cloud Automation","Fitexo gym management software with cloud automation in Keshiary, Paschim Medinipur — streamline your gym’s operations from billing to member tracking."
Debra,Paschim Medinipur,"Fitexo Gym Management Software in Debra, Paschim Medinipur | Cloud Enabled Gym System","Fitexo cloud-based gym management software in Debra, Paschim Medinipur — powerful tools to handle billing, attendance, memberships & more."
Narayangarh,Paschim Medinipur,"Fitexo Gym Management Software in Narayangarh, Paschim Medinipur | Cloud Gym Automation","Fitexo gym management system with cloud automation in Narayangarh — efficient handling of trainers, members, billing, attendance & reporting."
Dantan I,Paschim Medinipur,"Fitexo Gym Management Software in Dantan I, Paschim Medinipur | Cloud Gym System","Fitexo cloud-automated gym management software in Dantan I — centralize billing, attendance, members & class scheduling."
Dantan II,Paschim Medinipur,"Fitexo Gym Management Software in Dantan II, Paschim Medinipur | Cloud Gym Software","Fitexo gym management software with cloud automation in Dantan II — improve gym operations with automated billing, attendance tracking & scheduling."
Pingla,Paschim Medinipur,"Fitexo Gym Management Software in Pingla, Paschim Medinipur | Cloud Automation","Fitexo cloud gym management solution in Pingla — automate member billing, attendance & trainer scheduling with ease."
Mohanpur,Paschim Medinipur,"Fitexo Gym Management Software in Mohanpur, Paschim Medinipur | Cloud Gym Management","Fitexo cloud-based gym management software in Mohanpur — simplify membership, billing & attendance with powerful automation."
Sabang,Paschim Medinipur,"Fitexo Gym Management Software in Sabang, Paschim Medinipur | Cloud Gym Solution","Fitexo gym management software with cloud automation in Sabang — manage billing, attendance & scheduling all from one dashboard."
Abhoyanagar,Paschim Medinipur,"Fitexo Gym Management Software in Abhoyanagar, Kharagpur | Cloud Gym Automation","Fitexo cloud gym management system in Abhoyanagar — streamline billing, attendance & member management."
Agarpara,Paschim Medinipur,"Fitexo Gym Management Software in Agarpara, Kharagpur | Cloud Gym Software","Fitexo gym management software with cloud automation in Agarpara — efficient tools for member tracking, billing & scheduling."
Ajabgar,Paschim Medinipur,"Fitexo Gym Management Software in Ajabgar, Kharagpur | Cloud Gym Solution","Fitexo cloud gym software in Ajabgar — automate attendance, billing & member scheduling with Fitexo."
Ajabpur,Paschim Medinipur,"Fitexo Gym Management Software in Ajabpur, Kharagpur | Cloud Gym Automation","Fitexo gym management software in Ajabpur — handle memberships, billing & attendance with cloud automation."
Ajodhyagar,Paschim Medinipur,"Fitexo Gym Management Software in Ajodhyagar, Kharagpur | Cloud Gym Management","Fitexo cloud gym management in Ajodhyagar — automate your gym’s core functions in one place."
Alichak,Paschim Medinipur,"Fitexo Gym Management Software in Alichak, Kharagpur | Cloud Automation","Fitexo gym management software with cloud automation in Alichak — streamline member billing, attendance & reporting."
Amba,Paschim Medinipur,"Fitexo Gym Management Software in Amba, Kharagpur | Cloud Gym Software","Fitexo cloud-automated gym software in Amba — manage member operations, billing & attendance efficiently."
Ambasol,Paschim Medinipur,"Fitexo Gym Management Software in Ambasol, Kharagpur | Cloud Gym Management","Fitexo gym management system with cloud automation in Ambasol — powerful features for member, billing & attendance control."
Amlachati,Paschim Medinipur,"Fitexo Gym Management Software in Amlachati, Kharagpur | Cloud Gym Solution","Fitexo cloud gym management in Amlachati — automate membership, billing & trainer scheduling."
Amrakala,Paschim Medinipur,"Fitexo Gym Management Software in Amrakala, Kharagpur | Cloud Gym Automation","Fitexo gym management software with cloud automation in Amrakala — handle scheduling, billing & reporting in one dashboard."
Anar Chak,Paschim Medinipur,"Fitexo Gym Management Software in Anar Chak, Kharagpur | Cloud Gym Software","Fitexo cloud-based gym management in Anar Chak — simplify attendance, billing & membership tasks."
Andaria,Paschim Medinipur,"Fitexo Gym Management Software in Andaria, Kharagpur | Cloud Gym Management","Fitexo cloud automation gym system in Andaria — streamline all gym workflows including billing & member attendance."
Andharjora,Paschim Medinipur,"Fitexo Gym Management Software in Andharjora, Kharagpur | Cloud Gym Software","Fitexo gym management with cloud automation in Andharjora — manage memberships, trainers, billing & attendance."
